Dentist Names,Ratings
"Christopher P Hayner, DMD",5.0
Atlas Dental Specialists,5.0
Polished Dental,5.0
"Michael J Cushman, DDS",5.0
"Richard Gottlieb, DMD",5.0
"Richard M Rothrock, DMD",5.0
"Daniel J. Strinkoski, DDS",4.5
The Dentistry,3.5
Smile Direct Club,5.0
King Orthodontics,5.0
Five Star Dentistry,5.0
"Joseph Certo, DMD",5.0
Relis Benjamin I DMD,4.0
"Bruno A Sciulli, DMD",3.5
Allegheny General Hospital,3.0
Sixth Street Dental Aesthetics,3.5
School of Dental Medicine,3.0
Jason E Strcula DMD,5.0
"Rebecca L Pounds, DDS",3.0
Southside Dental Pavillion,3.0
Three Rivers Dental Group: Greentree,2.5
AGH Dental Medicine,4.0
"Ronald A Dicarlo, DMD",3.0
Murphy's Family Dentistry,3.5
Katsur Dental & Orthodonthics,2.0
Koul M DDS,3.5
"John L. Waldman, DMD - Pittsburgh Prosthodontist",5.0
"Joyce K Warwick , DMD",5.0
Joel Klimek D.M.D,5.0
"James M Eiben, DMD",5.0
"Timothy Matuszak, DMD",5.0
"Dattilo Lawrence P, DMD",5.0
"David J Belack, DMD",5.0
"Kukunas Steve J, DMD",5.0
Esthetic Dentistry Pittsburgh,5.0
Gruendel Eans & Boles,5.0
"Stephen M Miller, DMD",5.0
"George J Hadeed, DMD",5.0
DentalWorks Robinson Township,2.5
Warwick Dentistry,3.0
"Kristal A Izydorczyk, DMD",3.0
"Susan McMahon, DMD",2.5
Excel Dental,2.5
Boak W Bryan DMD,2.5
McKees Rocks Dental,2.5
Refresh Dental South Side Works,2.0
Emmert Dental Associates,1.5
Nova Dental Associates,1.5
"Earl Douglas Childs, DMD",2.0
Mt Oliver Dental Pavillion,1.0
